item_id,statement_guid,property_id,wikidata_value,meta_wikidata_value,external_value,external_url,type
Q153739,Q153739$3139B200-4F69-9044-A084-3E696E031CBA,P569,1888-09-16T00:00:00Z,,1886,https://media.githubusercontent.com/media/MuseumofModernArt/collection/main/Artists.csv,statement
Q153739,Q153739$CE1D2C6D-7814-4FA5-90BD-44F9BED8E414,P569,1887-09-16T00:00:00Z,,1886,https://media.githubusercontent.com/media/MuseumofModernArt/collection/main/Artists.csv,statement
Q576570,,P569,,,1858,https://media.githubusercontent.com/media/MuseumofModernArt/collection/main/Artists.csv,statement
Q325503,Q325503$D59F0DE3-2BC4-45BD-970F-A8FC9BE73D3E,P569,1923-02-26T00:00:00Z,,1915,https://media.githubusercontent.com/media/MuseumofModernArt/collection/main/Artists.csv,statement
Q1298270,Q1298270$7511E9D9-5FB2-4080-8287-8BA9B70CB97A,P569,1889-12-15T00:00:00Z,,1888,https://media.githubusercontent.com/media/MuseumofModernArt/collection/main/Artists.csv,statement
Q1298270,Q1298270$BB92F17E-4AC7-4BFB-F82E-62E88240C32B,P569,1887-12-15T00:00:00Z,,1888,https://media.githubusercontent.com/media/MuseumofModernArt/collection/main/Artists.csv,statement
Q4072108,Q4072108$AC39C782-8248-43A6-9694-C0CD96ACC172,P569,1875-01-27T00:00:00Z,,1873,https://media.githubusercontent.com/media/MuseumofModernArt/collection/main/Artists.csv,statement
Q8867,Q8867$4EA4CB5F-21E8-482E-B6BC-E28305B2AA4C,P569,1927-12-04T00:00:00Z,,1930,https://media.githubusercontent.com/media/MuseumofModernArt/collection/main/Artists.csv,statement
Q67897,Q67897$A31CCF8B-B6A7-4665-850F-783377A9A4E2,P569,1876-06-21T00:00:00Z,,1875,https://media.githubusercontent.com/media/MuseumofModernArt/collection/main/Artists.csv,statement
Q156890,Q156890$EA910E47-4DC8-9E17-8E50-7654AB3BD7E5,P569,1876-01-02T00:00:00Z,,1870,https://media.githubusercontent.com/media/MuseumofModernArt/collection/main/Artists.csv,statement
Q318352,Q318352$46C9A2B3-3ED0-4EBC-AE8C-ECCCA3514A4F,P569,1832-01-01T00:00:00Z,,1825,https://media.githubusercontent.com/media/MuseumofModernArt/collection/main/Artists.csv,statement
Q3504712,Q3504712$5CFDE4F8-0C9C-49BF-8277-D54104B8A6BC,P569,1815-08-13T00:00:00Z,,1816,https://media.githubusercontent.com/media/MuseumofModernArt/collection/main/Artists.csv,statement
Q7351596,Q7351596$0E8C4414-4FE7-C35F-C4B2-27642BA227D5,P569,1908-10-20T00:00:00Z,,1913,https://media.githubusercontent.com/media/MuseumofModernArt/collection/main/Artists.csv,statement
Q7351596,Q7351596$7F01B86A-EDA9-4BA6-B056-DCADAC01E030,P569,1910-10-20T00:00:00Z,,1913,https://media.githubusercontent.com/media/MuseumofModernArt/collection/main/Artists.csv,statement
Q586843,Q586843$89CF74CC-06AD-4E68-A20A-5A3AFD31A9E3,P569,1932-01-01T00:00:00Z,,1933,https://media.githubusercontent.com/media/MuseumofModernArt/collection/main/Artists.csv,statement
Q518444,Q518444$5354B5C0-6A8C-4817-81CB-45B9BA03153E,P569,1886-09-22T00:00:00Z,,1888,https://media.githubusercontent.com/media/MuseumofModernArt/collection/main/Artists.csv,statement
Q321158,Q321158$AF999010-F5CD-429C-986E-2994EB8A9F3C,P569,1921-03-28T00:00:00Z,,1920,https://media.githubusercontent.com/media/MuseumofModernArt/collection/main/Artists.csv,statement
Q440673,Q440673$633B6486-FDAC-407E-B2CB-4FDA9B9BAF29,P569,1866-05-14T00:00:00Z,,1865,https://media.githubusercontent.com/media/MuseumofModernArt/collection/main/Artists.csv,statement
Q686321,Q686321$A68E0584-0563-47C6-AE23-F5E505E1AF7B,P569,1924-01-01T00:00:00Z,,1926,https://media.githubusercontent.com/media/MuseumofModernArt/collection/main/Artists.csv,statement
Q686321,Q686321$B9A4D236-3B1A-4065-AEED-675E21C7F28A,P569,1924-03-07T00:00:00Z,,1926,https://media.githubusercontent.com/media/MuseumofModernArt/collection/main/Artists.csv,statement
Q19595180,Q19595180$8D0ECF59-403A-B776-0961-6026126200E3,P569,1909-11-30T00:00:00Z,,1910,https://media.githubusercontent.com/media/MuseumofModernArt/collection/main/Artists.csv,statement
Q17308840,Q17308840$D41ACE50-D7C5-43EF-882A-E38E79D1BDF7,P569,1924-05-20T00:00:00Z,,1925,https://media.githubusercontent.com/media/MuseumofModernArt/collection/main/Artists.csv,statement
Q932167,Q932167$87016683-8AAB-4B19-BED3-E3F8C6311F88,P569,1907-03-03T00:00:00Z,,1908,https://media.githubusercontent.com/media/MuseumofModernArt/collection/main/Artists.csv,statement
Q173223,Q173223$3DF21D3F-D1D7-43DF-8FFD-1B9A84606474,P569,1845-05-22T00:00:00Z,,1844,https://media.githubusercontent.com/media/MuseumofModernArt/collection/main/Artists.csv,statement
Q173223,,P569,,,1844,https://media.githubusercontent.com/media/MuseumofModernArt/collection/main/Artists.csv,statement
Q441440,Q441440$D01A96F1-D4BA-4B5B-81FC-E27C2B2604AE,P569,1939-07-20T00:00:00Z,,1937,https://media.githubusercontent.com/media/MuseumofModernArt/collection/main/Artists.csv,statement
Q559325,Q559325$2F49B85A-C9A0-4591-B957-C4FEBECCBCF2,P569,1820-01-01T00:00:00Z,,1819,https://media.githubusercontent.com/media/MuseumofModernArt/collection/main/Artists.csv,statement
Q3059390,Q3059390$85651D90-53C2-4947-942C-3FE602CAFC04,P569,1896-04-16T00:00:00Z,,1899,https://media.githubusercontent.com/media/MuseumofModernArt/collection/main/Artists.csv,statement
Q6762808,Q6762808$533E33EF-DC00-448F-A6A6-F4C958F28E24,P569,1925-09-22T00:00:00Z,,1923,https://media.githubusercontent.com/media/MuseumofModernArt/collection/main/Artists.csv,statement
Q3760455,,P569,,,1851,https://media.githubusercontent.com/media/MuseumofModernArt/collection/main/Artists.csv,statement
Q1039975,Q1039975$C6F675EE-3580-471F-A01B-22D3EACB4C05,P569,1874-10-22T00:00:00Z,,1878,https://media.githubusercontent.com/media/MuseumofModernArt/collection/main/Artists.csv,statement
Q704588,Q704588$6AFCEECF-417B-4412-B3AF-7523D7C3636D,P569,1894-12-07T00:00:00Z,,1892,https://media.githubusercontent.com/media/MuseumofModernArt/collection/main/Artists.csv,statement
Q596961,Q596961$2E7DE261-41D5-9793-7008-A11922805E33,P569,1837-12-24T00:00:00Z,,1836,https://media.githubusercontent.com/media/MuseumofModernArt/collection/main/Artists.csv,statement
Q6209452,Q6209452$2FE1E77B-7490-4EE8-BF30-CDD2E02872FB,P569,1948-08-12T00:00:00Z,,1947,https://media.githubusercontent.com/media/MuseumofModernArt/collection/main/Artists.csv,statement
Q76882,Q76882$937CE87A-48DF-A020-E5E3-8FD4CE78ED11,P569,1808-10-23T00:00:00Z,,1809,https://media.githubusercontent.com/media/MuseumofModernArt/collection/main/Artists.csv,statement
Q3402687,,P569,,,1889,https://media.githubusercontent.com/media/MuseumofModernArt/collection/main/Artists.csv,statement
Q2289164,Q2289164$0D978893-6A3E-445E-B0BC-B9FBA2620079,P569,1886-11-18T00:00:00Z,,1888,https://media.githubusercontent.com/media/MuseumofModernArt/collection/main/Artists.csv,statement
Q2289164,Q2289164$AEF421B3-7AA8-4279-AAFD-FC66F2491797,P569,1886-01-01T00:00:00Z,,1888,https://media.githubusercontent.com/media/MuseumofModernArt/collection/main/Artists.csv,statement
Q6682,Q6682$966AF7BF-B033-4C25-877E-3981377BF9D5,P569,1833-01-06T00:00:00Z,,1832,https://media.githubusercontent.com/media/MuseumofModernArt/collection/main/Artists.csv,statement
Q18150137,Q18150137$77FE1FCC-492A-D039-36D7-93AB4490FE80,P569,1875-01-31T00:00:00Z,,1876,https://media.githubusercontent.com/media/MuseumofModernArt/collection/main/Artists.csv,statement
Q2980574,,P569,,,1872,https://media.githubusercontent.com/media/MuseumofModernArt/collection/main/Artists.csv,statement
Q6233387,Q6233387$AA853E9A-733A-4DA3-83C7-57FAA765A552,P569,1895-04-07T00:00:00Z,,1898,https://media.githubusercontent.com/media/MuseumofModernArt/collection/main/Artists.csv,statement
Q4795053,Q4795053$9E4CA99D-9D84-401F-8AD7-5D8026516D63,P569,1874-01-01T00:00:00Z,,1879,https://media.githubusercontent.com/media/MuseumofModernArt/collection/main/Artists.csv,statement
Q2117132,,P569,,,1881,https://media.githubusercontent.com/media/MuseumofModernArt/collection/main/Artists.csv,statement
Q19755324,Q19755324$CB250FE1-2A7D-4FC5-AC36-C5AE12AC0C32,P569,1930-01-01T00:00:00Z,,1929,https://media.githubusercontent.com/media/MuseumofModernArt/collection/main/Artists.csv,statement
Q19755324,Q19755324$D92E7615-5BC0-4AEF-8E60-FCE2A57538AF,P569,1930-01-20T00:00:00Z,,1929,https://media.githubusercontent.com/media/MuseumofModernArt/collection/main/Artists.csv,statement
Q926308,Q926308$A7937B5B-1E4C-4E1D-AB87-3C74D2660DA2,P569,1890-10-04T00:00:00Z,,1891,https://media.githubusercontent.com/media/MuseumofModernArt/collection/main/Artists.csv,statement
Q2089948,,P569,,,1888,https://media.githubusercontent.com/media/MuseumofModernArt/collection/main/Artists.csv,statement
Q2089948,,P569,,,1888,https://media.githubusercontent.com/media/MuseumofModernArt/collection/main/Artists.csv,statement
Q2089948,Q2089948$CEDEDBDE-E45E-48B2-BBF7-4319727CFA48,P569,1886-01-01T00:00:00Z,,1888,https://media.githubusercontent.com/media/MuseumofModernArt/collection/main/Artists.csv,statement
Q541831,Q541831$9E77497A-7A57-4B19-9951-1C5CEE06974D,P569,1939-12-23T00:00:00Z,,1940,https://media.githubusercontent.com/media/MuseumofModernArt/collection/main/Artists.csv,statement
Q438129,Q438129$9C67D259-447A-9DA6-8695-E281AFA1E6A5,P569,1878-08-09T00:00:00Z,,1879,https://media.githubusercontent.com/media/MuseumofModernArt/collection/main/Artists.csv,statement
Q381277,Q381277$3276FF59-2C66-462D-9AF4-C6C9FD7F21CD,P569,1911-12-26T00:00:00Z,,1912,https://media.githubusercontent.com/media/MuseumofModernArt/collection/main/Artists.csv,statement
Q458721,Q458721$0262E586-5478-4B0A-A640-D1F298A77626,P569,1904-01-01T00:00:00Z,,1906,https://media.githubusercontent.com/media/MuseumofModernArt/collection/main/Artists.csv,statement
Q3553651,Q3553651$BDD6D3D1-F337-477F-B8B0-5C67E6832945,P569,1887-03-16T00:00:00Z,,1890,https://media.githubusercontent.com/media/MuseumofModernArt/collection/main/Artists.csv,statement
Q151836,,P569,,,1928,https://media.githubusercontent.com/media/MuseumofModernArt/collection/main/Artists.csv,statement
Q1147721,Q1147721$EEC55E95-F7DB-4D4B-AD2A-42F34B89FF88,P569,1904-01-01T00:00:00Z,,1903,https://media.githubusercontent.com/media/MuseumofModernArt/collection/main/Artists.csv,statement
Q338350,Q338350$85815062-0A57-4CDE-A561-2F0EC6EAE221,P569,1903-01-10T00:00:00Z,,1902,https://media.githubusercontent.com/media/MuseumofModernArt/collection/main/Artists.csv,statement
Q698256,Q698256$4674B4EA-69E9-4ED4-A210-87919216C5E7,P569,1932-12-24T00:00:00Z,,1933,https://media.githubusercontent.com/media/MuseumofModernArt/collection/main/Artists.csv,statement
Q723892,Q723892$31C6C885-4ACF-713D-5138-18D181B7372C,P569,1926-04-19T00:00:00Z,,1928,https://media.githubusercontent.com/media/MuseumofModernArt/collection/main/Artists.csv,statement
Q449536,Q449536$13DE3EF3-81C4-4B4C-8060-3BCFFBDEFCDB,P569,1918-03-12T00:00:00Z,,1920,https://media.githubusercontent.com/media/MuseumofModernArt/collection/main/Artists.csv,statement
Q449536,,P569,,,1920,https://media.githubusercontent.com/media/MuseumofModernArt/collection/main/Artists.csv,statement
Q15505168,Q15505168$030ACB45-5E5B-4CFE-812F-84DB08BC3F4E,P569,1942-08-16T00:00:00Z,,1943,https://media.githubusercontent.com/media/MuseumofModernArt/collection/main/Artists.csv,statement
Q15505168,Q15505168$0313E9C5-827F-4C08-9360-5C5F846D7A0A,P569,1942-01-01T00:00:00Z,,1943,https://media.githubusercontent.com/media/MuseumofModernArt/collection/main/Artists.csv,statement
Q3571991,Q3571991$FA10F456-8B77-4BF4-AF45-824A4A440642,P569,1893-01-01T00:00:00Z,,1889,https://media.githubusercontent.com/media/MuseumofModernArt/collection/main/Artists.csv,statement
Q321657,Q321657$24B0CF29-4031-187E-DC3C-00B3A4B1290C,P569,1903-03-05T00:00:00Z,,1902,https://media.githubusercontent.com/media/MuseumofModernArt/collection/main/Artists.csv,statement
Q18345966,Q18345966$409262D9-3DB8-48A0-8BB6-3FFA725D83F3,P569,1913-01-01T00:00:00Z,,1910,https://media.githubusercontent.com/media/MuseumofModernArt/collection/main/Artists.csv,statement
Q780102,Q780102$BD15A97E-329C-4A72-91E2-B3A9867D8EB4,P569,1884-11-18T00:00:00Z,,1882,https://media.githubusercontent.com/media/MuseumofModernArt/collection/main/Artists.csv,statement
Q18507746,Q18507746$9B7CD69E-E4CC-4A7A-BCDB-8BD398EE4831,P569,1826-11-30T00:00:00Z,,1827,https://media.githubusercontent.com/media/MuseumofModernArt/collection/main/Artists.csv,statement
Q7350504,Q7350504$AE5EC3F4-5AAA-4891-9A05-61478544FFEE,P569,1814-02-27T00:00:00Z,,1811,https://media.githubusercontent.com/media/MuseumofModernArt/collection/main/Artists.csv,statement
Q130777,,P569,,,1878,https://media.githubusercontent.com/media/MuseumofModernArt/collection/main/Artists.csv,statement
Q1346343,Q1346343$575F7C8C-27A6-41A6-99E7-2E82968F75B2,P569,1878-11-14T00:00:00Z,,1883,https://media.githubusercontent.com/media/MuseumofModernArt/collection/main/Artists.csv,statement
Q2660929,,P569,,,1887,https://media.githubusercontent.com/media/MuseumofModernArt/collection/main/Artists.csv,statement
Q3503137,Q3503137$C0505005-8C30-46DA-9147-361174EA4C95,P569,1886-03-04T00:00:00Z,,1885,https://media.githubusercontent.com/media/MuseumofModernArt/collection/main/Artists.csv,statement
Q5353252,Q5353252$8DAD995B-A5B6-4D70-8480-768F4BD09960,P569,1936-10-01T00:00:00Z,,1938,https://media.githubusercontent.com/media/MuseumofModernArt/collection/main/Artists.csv,statement
Q724692,Q724692$D11DB656-9311-4E32-A259-38DE309E2C55,P569,1887-02-19T00:00:00Z,,1885,https://media.githubusercontent.com/media/MuseumofModernArt/collection/main/Artists.csv,statement
Q2576565,Q2576565$4E65B6C5-F9A2-4E1E-B91F-3C9D1A6AE645,P569,1889-05-29T00:00:00Z,,1890,https://media.githubusercontent.com/media/MuseumofModernArt/collection/main/Artists.csv,statement
Q622814,Q622814$DB02E4B7-D5CE-4D16-90BB-051FE1A2278F,P569,1926-04-09T00:00:00Z,,1925,https://media.githubusercontent.com/media/MuseumofModernArt/collection/main/Artists.csv,statement
Q194363,Q194363$51348413-A380-4D1C-897F-DD8B9B46951C,P569,1889-03-12T00:00:00Z,,1890,https://media.githubusercontent.com/media/MuseumofModernArt/collection/main/Artists.csv,statement
Q194363,Q194363$E2D1251B-3245-4705-A1F3-4E8A460ED146,P569,1889-12-17T00:00:00Z,,1890,https://media.githubusercontent.com/media/MuseumofModernArt/collection/main/Artists.csv,statement
Q381950,Q381950$969A5B0E-82C5-4BBB-A844-8E197ECE6829,P569,1884-01-18T00:00:00Z,,1886,https://media.githubusercontent.com/media/MuseumofModernArt/collection/main/Artists.csv,statement
Q381950,Q381950$AD17D12A-E201-431C-9B9D-A90EA6C002C2,P569,1888-01-30T00:00:00Z,,1886,https://media.githubusercontent.com/media/MuseumofModernArt/collection/main/Artists.csv,statement
Q2898425,Q2898425$D619A9CC-416C-D828-20B1-82E532331643,P569,1914-09-07T00:00:00Z,,1916,https://media.githubusercontent.com/media/MuseumofModernArt/collection/main/Artists.csv,statement
Q17399229,Q17399229$58DF2575-8200-42AB-A68F-4D47E697D86C,P569,1941-03-31T00:00:00Z,,1942,https://media.githubusercontent.com/media/MuseumofModernArt/collection/main/Artists.csv,statement
Q17399227,Q17399227$AF9CDE16-492B-06C4-7DCD-49897F4A0D70,P569,1941-01-01T00:00:00Z,,1942,https://media.githubusercontent.com/media/MuseumofModernArt/collection/main/Artists.csv,statement
Q5446755,Q5446755$718A7F7F-4E57-46BF-BA3A-91E7F21D0695,P569,1895-01-24T00:00:00Z,,1896,https://media.githubusercontent.com/media/MuseumofModernArt/collection/main/Artists.csv,statement
Q3161887,Q3161887$D5631C0E-E966-4DF9-97DD-28CAA9F58D20,P569,1874-04-19T00:00:00Z,,1878,https://media.githubusercontent.com/media/MuseumofModernArt/collection/main/Artists.csv,statement
Q921345,Q921345$B27419E7-B689-4984-AC9B-5983107A4F24,P569,1895-04-20T00:00:00Z,,1894,https://media.githubusercontent.com/media/MuseumofModernArt/collection/main/Artists.csv,statement
Q248707,Q248707$741E2394-79FB-4035-9C79-E07CEA0076EA,P569,1858-10-10T00:00:00Z,,1859,https://media.githubusercontent.com/media/MuseumofModernArt/collection/main/Artists.csv,statement
Q705062,Q705062$3F4630E6-4955-4175-853F-A8B3D798F593,P569,1890-04-03T00:00:00Z,,1892,https://media.githubusercontent.com/media/MuseumofModernArt/collection/main/Artists.csv,statement
Q705062,Q705062$3F4630E6-4955-4175-853F-A8B3D798F593,P569,1890-04-03T00:00:00Z,,1892,https://media.githubusercontent.com/media/MuseumofModernArt/collection/main/Artists.csv,statement
Q1965085,,P569,,,1913,https://media.githubusercontent.com/media/MuseumofModernArt/collection/main/Artists.csv,statement
Q585067,Q585067$72F7323D-DDEB-4FB2-A106-722B645DDA02,P569,1864-03-29T00:00:00Z,,1862,https://media.githubusercontent.com/media/MuseumofModernArt/collection/main/Artists.csv,statement
Q585067,Q585067$EC63FCF0-1658-4169-8BC7-BC5A83654ADC,P569,1861-03-29T00:00:00Z,,1862,https://media.githubusercontent.com/media/MuseumofModernArt/collection/main/Artists.csv,statement
Q629513,Q629513$F4AB4A11-75A0-4F9F-AADF-EB958830F82C,P569,1880-10-17T00:00:00Z,,1882,https://media.githubusercontent.com/media/MuseumofModernArt/collection/main/Artists.csv,statement
Q435149,Q435149$99C7CC85-C41E-409A-85E3-88761EBEBD2F,P569,1902-09-16T00:00:00Z,,1904,https://media.githubusercontent.com/media/MuseumofModernArt/collection/main/Artists.csv,statement
Q435149,Q435149$D2508F1A-EF12-432A-A1ED-02693CCFD0F5,P569,1902-12-16T00:00:00Z,,1904,https://media.githubusercontent.com/media/MuseumofModernArt/collection/main/Artists.csv,statement
Q632656,Q632656$3E511362-E9C8-4F95-8064-7B7B07FF14F6,P569,1904-01-01T00:00:00Z,,1907,https://media.githubusercontent.com/media/MuseumofModernArt/collection/main/Artists.csv,statement
Q3260874,Q3260874$7A07A171-F82C-47CF-AD94-95A601B76BB3,P569,1810-10-03T00:00:00Z,,1811,https://media.githubusercontent.com/media/MuseumofModernArt/collection/main/Artists.csv,statement
Q1246260,Q1246260$5071168A-8D3C-4C63-9273-CA109CA84CE7,P569,1934-10-18T00:00:00Z,,1932,https://media.githubusercontent.com/media/MuseumofModernArt/collection/main/Artists.csv,statement
Q9028100,Q9028100$ED9D979F-9251-4A62-8B0A-6B3635CD8657,P569,1891-12-04T00:00:00Z,,1896,https://media.githubusercontent.com/media/MuseumofModernArt/collection/main/Artists.csv,statement
Q6142414,Q6142414$1EC8FD52-474E-4208-A63E-8A593C275CA4,P569,1911-01-01T00:00:00Z,,1912,https://media.githubusercontent.com/media/MuseumofModernArt/collection/main/Artists.csv,statement
Q602999,Q602999$B86E7109-71BF-4F12-BCC9-0B0FF65B85A6,P569,1892-09-02T00:00:00Z,,1897,https://media.githubusercontent.com/media/MuseumofModernArt/collection/main/Artists.csv,statement
Q4757433,Q4757433$D7957C11-7CDB-408C-A269-1DD2BE7C4D81,P569,1829-03-20T00:00:00Z,,1830,https://media.githubusercontent.com/media/MuseumofModernArt/collection/main/Artists.csv,statement
Q692098,Q692098$FB0BE1AF-8689-4221-AFF2-31186CAE6D75,P569,1891-07-21T00:00:00Z,,1889,https://media.githubusercontent.com/media/MuseumofModernArt/collection/main/Artists.csv,statement
Q518406,Q518406$4AD68130-8A49-4EFE-8023-D676CD885FAC,P569,1887-01-01T00:00:00Z,,1884,https://media.githubusercontent.com/media/MuseumofModernArt/collection/main/Artists.csv,statement
Q993400,Q993400$EAF37811-F0A5-4F6C-953F-9C8EA72D3D1F,P569,1923-04-03T00:00:00Z,,1924,https://media.githubusercontent.com/media/MuseumofModernArt/collection/main/Artists.csv,statement
Q315647,Q315647$CAA9A7A0-5001-492A-AA23-3BED69C2EAD1,P569,1886-12-29T00:00:00Z,,1896,https://media.githubusercontent.com/media/MuseumofModernArt/collection/main/Artists.csv,statement
Q558332,Q558332$FAB1DF6F-54A5-45D5-8E4B-3ACEFA4D68C2,P569,1928-12-10T00:00:00Z,,1929,https://media.githubusercontent.com/media/MuseumofModernArt/collection/main/Artists.csv,statement
Q6153610,Q6153610$78DB0A51-417A-6E44-D48B-5DEC99B5858D,P569,1893-05-31T00:00:00Z,,1894,https://media.githubusercontent.com/media/MuseumofModernArt/collection/main/Artists.csv,statement
Q7144042,Q7144042$8D344842-46DD-44BC-9E48-22CF77B516CB,P569,1938-01-01T00:00:00Z,,1940,https://media.githubusercontent.com/media/MuseumofModernArt/collection/main/Artists.csv,statement
Q3852444,Q3852444$CC89471F-3174-432E-ADB8-3C632404E25A,P569,1878-08-18T00:00:00Z,,1877,https://media.githubusercontent.com/media/MuseumofModernArt/collection/main/Artists.csv,statement
Q154448,Q154448$F948F372-8684-4A06-8E6A-2E29CCF144B0,P569,1906-04-09T00:00:00Z,,1908,https://media.githubusercontent.com/media/MuseumofModernArt/collection/main/Artists.csv,statement
Q154448,,P569,,,1908,https://media.githubusercontent.com/media/MuseumofModernArt/collection/main/Artists.csv,statement
Q242399,Q242399$782383AC-5875-4EDF-9ACD-0FDC856F6162,P569,1907-11-30T00:00:00Z,,1908,https://media.githubusercontent.com/media/MuseumofModernArt/collection/main/Artists.csv,statement
Q680192,Q680192$1CDBF9AD-89E4-43BC-AF83-2F512733C6E6,P569,1940-02-10T00:00:00Z,,1942,https://media.githubusercontent.com/media/MuseumofModernArt/collection/main/Artists.csv,statement
Q160172,,P569,,,1890,https://media.githubusercontent.com/media/MuseumofModernArt/collection/main/Artists.csv,statement
Q160172,Q160172$EDCDE6FE-4B31-4297-8DF6-810EA4D86980,P569,1888-07-04T00:00:00Z,,1890,https://media.githubusercontent.com/media/MuseumofModernArt/collection/main/Artists.csv,statement
Q385941,Q385941$FDCEF47F-B32D-497C-BC50-8029840014E3,P569,1887-02-28T00:00:00Z,,1889,https://media.githubusercontent.com/media/MuseumofModernArt/collection/main/Artists.csv,statement
Q6199963,Q6199963$0DF9A5F7-4726-4210-B50A-41B0C4B7A2DE,P569,1949-11-12T00:00:00Z,,1950,https://media.githubusercontent.com/media/MuseumofModernArt/collection/main/Artists.csv,statement
Q294326,,P569,,,1965,https://media.githubusercontent.com/media/MuseumofModernArt/collection/main/Artists.csv,statement
Q1225543,,P569,,,1954,https://media.githubusercontent.com/media/MuseumofModernArt/collection/main/Artists.csv,statement
Q127805,Q127805$796AD69B-4C79-8BCF-C0DE-A20A0B6EAAA5,P569,1870-03-21T00:00:00Z,,1871,https://media.githubusercontent.com/media/MuseumofModernArt/collection/main/Artists.csv,statement
Q5298510,Q5298510$09CFDC95-EA62-4515-B8F7-4B69301DA054,P569,1897-10-14T00:00:00Z,,1899,https://media.githubusercontent.com/media/MuseumofModernArt/collection/main/Artists.csv,statement
Q6765578,Q6765578$43EF8079-4441-0085-27D2-A484B4B05212,P569,1931-05-23T00:00:00Z,,1926,https://media.githubusercontent.com/media/MuseumofModernArt/collection/main/Artists.csv,statement
Q862623,Q862623$8ED56155-F267-4D89-9315-A24291F32E69,P569,1854-04-01T00:00:00Z,,1853,https://media.githubusercontent.com/media/MuseumofModernArt/collection/main/Artists.csv,statement
Q3777954,Q3777954$FDE17D9A-03C9-4C99-987F-744DA4F59FBC,P569,1928-05-04T00:00:00Z,,1972,https://media.githubusercontent.com/media/MuseumofModernArt/collection/main/Artists.csv,statement
Q3059832,Q3059832$0FBF75DD-AB22-4A8D-9498-41AE13860D8E,P569,1867-06-26T00:00:00Z,,1868,https://media.githubusercontent.com/media/MuseumofModernArt/collection/main/Artists.csv,statement
Q454705,Q454705$A6388D57-2BC8-4B75-8407-9C6179877B38,P569,1903-04-03T00:00:00Z,,1907,https://media.githubusercontent.com/media/MuseumofModernArt/collection/main/Artists.csv,statement
Q1680153,Q1680153$BFE19C26-999E-4200-971B-ED729DC86BED,P569,1899-09-25T00:00:00Z,,1900,https://media.githubusercontent.com/media/MuseumofModernArt/collection/main/Artists.csv,statement
Q599273,Q599273$3E06B70D-C347-4CD7-95E3-31C4DEFE3911,P569,1963-01-01T00:00:00Z,,1964,https://media.githubusercontent.com/media/MuseumofModernArt/collection/main/Artists.csv,statement
Q599273,Q599273$3FC03482-5E0E-4548-A2D1-E83C9E0BB06A,P569,1962-11-30T00:00:00Z,,1964,https://media.githubusercontent.com/media/MuseumofModernArt/collection/main/Artists.csv,statement
Q336640,Q336640$01893615-8C7B-48CD-84A5-E68F80CBDB9D,P569,1905-05-06T00:00:00Z,,1952,https://media.githubusercontent.com/media/MuseumofModernArt/collection/main/Artists.csv,statement
Q1093530,Q1093530$300AA38D-F348-48E2-B7A6-63EF8DD6497A,P569,1938-10-19T00:00:00Z,,1935,https://media.githubusercontent.com/media/MuseumofModernArt/collection/main/Artists.csv,statement
Q2172039,Q2172039$2523B32B-4E3A-43AF-96CB-7440CBD866BA,P569,1897-12-22T00:00:00Z,,1896,https://media.githubusercontent.com/media/MuseumofModernArt/collection/main/Artists.csv,statement
Q728087,,P569,,,1951,https://media.githubusercontent.com/media/MuseumofModernArt/collection/main/Artists.csv,statement
Q928187,Q928187$4CD6354A-0999-484C-8F5A-AF91DD588C15,P569,1912-02-24T00:00:00Z,,1914,https://media.githubusercontent.com/media/MuseumofModernArt/collection/main/Artists.csv,statement
Q928187,Q928187$52A4F210-8651-42CF-9ED6-072BB15C69AD,P569,1922-02-24T00:00:00Z,,1914,https://media.githubusercontent.com/media/MuseumofModernArt/collection/main/Artists.csv,statement
Q928187,Q928187$DDD46137-AD38-48C5-A279-7B59DAC7E1C5,P569,1912-01-01T00:00:00Z,,1914,https://media.githubusercontent.com/media/MuseumofModernArt/collection/main/Artists.csv,statement
Q962958,Q962958$B50B691C-6F31-4DE8-B369-217E3EF0F8D4,P569,1921-01-01T00:00:00Z,,1923,https://media.githubusercontent.com/media/MuseumofModernArt/collection/main/Artists.csv,statement
Q1988310,,P569,,,1878,https://media.githubusercontent.com/media/MuseumofModernArt/collection/main/Artists.csv,statement
Q1988310,Q1988310$B42AE667-8641-42D1-9F4A-D0761102FC3A,P569,1873-01-01T00:00:00Z,,1878,https://media.githubusercontent.com/media/MuseumofModernArt/collection/main/Artists.csv,statement
Q278183,Q278183$70B94BCE-2DCF-413D-9B5C-8E112407A767,P569,1967-09-17T00:00:00Z,,1968,https://media.githubusercontent.com/media/MuseumofModernArt/collection/main/Artists.csv,statement
Q3632122,,P569,,,1889,https://media.githubusercontent.com/media/MuseumofModernArt/collection/main/Artists.csv,statement
Q15440234,Q15440234$4CBFB689-704F-462B-BCA1-7A2970479483,P569,1895-01-01T00:00:00Z,,1896,https://media.githubusercontent.com/media/MuseumofModernArt/collection/main/Artists.csv,statement
Q781717,Q781717$D52F40C5-8D9E-4B28-8359-C1B3A1D6169A,P569,1935-01-01T00:00:00Z,,1936,https://media.githubusercontent.com/media/MuseumofModernArt/collection/main/Artists.csv,statement
Q4975694,,P569,,,1972,https://media.githubusercontent.com/media/MuseumofModernArt/collection/main/Artists.csv,statement
Q218471,,P569,,,1865,https://media.githubusercontent.com/media/MuseumofModernArt/collection/main/Artists.csv,statement
Q5041755,,P569,,,1970,https://media.githubusercontent.com/media/MuseumofModernArt/collection/main/Artists.csv,statement
Q3057302,Q3057302$5D20308C-45B1-4B81-812F-73EBE3C9662C,P569,1943-07-20T00:00:00Z,,1941,https://media.githubusercontent.com/media/MuseumofModernArt/collection/main/Artists.csv,statement
Q313991,Q313991$884B19D9-F7BC-4667-8155-1F093B81682B,P569,1945-03-05T00:00:00Z,,1944,https://media.githubusercontent.com/media/MuseumofModernArt/collection/main/Artists.csv,statement
Q3047169,Q3047169$E732A645-E632-4F2C-9211-B45EAB8566A1,P569,1926-02-16T00:00:00Z,,1925,https://media.githubusercontent.com/media/MuseumofModernArt/collection/main/Artists.csv,statement
Q6768586,Q6768586$599C2376-C47D-4DF1-A48E-55A49E3C02D8,P569,1958-01-01T00:00:00Z,,1957,https://media.githubusercontent.com/media/MuseumofModernArt/collection/main/Artists.csv,statement
Q2088367,Q2088367$67F2BA0D-78CE-49AA-9AEF-E1A3AEBA15ED,P569,1972-01-01T00:00:00Z,,1976,https://media.githubusercontent.com/media/MuseumofModernArt/collection/main/Artists.csv,statement
Q16960971,Q16960971$15B3C847-24A7-4F70-9851-1E2CEBD1615D,P569,1955-01-01T00:00:00Z,,1942,https://media.githubusercontent.com/media/MuseumofModernArt/collection/main/Artists.csv,statement
Q270641,Q270641$2AD4CDE6-AD53-4A67-9E40-097A9870E82E,P569,1944-04-18T00:00:00Z,,1947,https://media.githubusercontent.com/media/MuseumofModernArt/collection/main/Artists.csv,statement
Q508344,Q508344$8FE63C9C-3690-4FAE-A52A-43CFEAAD352B,P569,1864-11-05T00:00:00Z,,1865,https://media.githubusercontent.com/media/MuseumofModernArt/collection/main/Artists.csv,statement
Q5301405,Q5301405$914933BF-9622-4DE0-AB66-F48128829B59,P569,1938-04-11T00:00:00Z,,1933,https://media.githubusercontent.com/media/MuseumofModernArt/collection/main/Artists.csv,statement
Q4321423,Q4321423$8690D77E-0C37-4587-B967-0D326C0B983E,P569,1914-01-01T00:00:00Z,,1909,https://media.githubusercontent.com/media/MuseumofModernArt/collection/main/Artists.csv,statement
